"","x"
"002323b9eef4a33a7bfc2f3bcfe1ca8846ee35ed",4
"00b5819148080b717d2e11c8e5cf25ee374ad05c",12
"01b9fa38fca5310b4b07769d3b8fd1b91e8dbde6",19
"01dfa24e248d2606ca6fa1852d53ce64281a23ed",21
"01eb78f6a3e2cae974465460b01bcf732f9273cf",22
"02494f1130a9e8770c7fca0df899d94736f1735c",25
"02ccc6b4a4e5bc0b23b8af6f0f600f6e036b2836",30
"04275ac29161113dc22eeb92d596def124b37373",44
"04ad1bf8ff4e32914011825abfdcb8dc2253c309",50
"04b54def9f428c2874300fdda1382659c8bb12a5",51
"058315feb5f0dbd44ab6a6f983f2e9951c2cf168",58
"05c3ed1450bec5332963c681037a93036a645562",63
"07443c4ebca15c568e2e38f997cf05fc4d7390c1",77
"075196b7efb2ac2443aba8f2938ba1002dbeb789",79
"079bd0f00fc8de914fea8f5a1009e0a3ab1454c3",82
"081b89b7745ed16863ac909581aae7e738ff4bd5",87
"088ba54cafaafee29410b871cdd5f8c0c68f83e2",90
"08d10357a57ed665a2b8c44efbf0f991a4910125",91
"09930d6d3a3ab4b96fdda892465bb0853ad2651d",99
"09ebf5e99cc6884728b1e48731514e571ba35192",104
"0aa87bf89b5c36b328be09b125a69641a5f43843",110
"0b84a610bd79138a4d80b9202599e073171963c2",114
"0cb9aab441208704c21d098ddccb437ad2bb5fc0",124
"0cd9815c89d8365b76550887334fdc84c3566106",126
"0cdc1e051d130da702039473f57152b7f01b5a24",127
"0dc238d6baf91f7308a0bc41893960a27bbf9ba0",135
"0e07796fb8f7cf3610e211bde6c8bcf6b15eb0b9",139
"0f0d80bc8bdcf4ed302f6d593517d536ac3bb82e",145
"0f32ff6c00b6823eb997bc7d226318227db0f0f2",147
"0f4deb6216666668c49d9a9e6179e00be2a5147a",148
"0fe2a939340c47fb2ebde5025291a86fe0adc0d0",150
"111296db979dcabe167f17f2a423c235e55f409e",155
"11273ed2a680177e50cb4fa97b6148f5ea62c3d9",156
"113d81c9bede10cb439f923c8bfe0cb32890ea3a",157
"140a66a20dc5154d5befe3b9cc6bec435038172d",172
"141396b6898e0315720d28e366421699c553a96d",173
"1549d4877a0b56fbe0325260d1da95abf118fe52",181
"154a924f63be8896b8fb28faf75e72d076084f67",182
"157c499470e8f25af0fe549473aa92fae54a6fdc",183
"15ba7729615b360b7eb71dc8f3a0f32755dcc5bf",187
"160d827ccaad7aaa278afdd322e2bf4a1668ff81",188
"174c3463993460b12d48222d3f7cb9ca7bc4dc9a",194
"17f552bd6c9e75f51ad67a8986900692f382050e",198
"1825e0276b9c35d84fd53a1c986f1f31978eb8d8",199
"188f280b73ec30880a9c43981864b5f5f9b94bb3",200
"1925b4996b3552325d999aa6456300d3ed89ea8a",206
"198f0942b996a37d5bc9f25ab9da21ef8a65a3cc",208
"19d0d6fea2c91d7b94cb38c7ec681800aab7c30a",211
"1a358ec1f08c3036d5b3f6b0e80f5464c3a2d95f",214
"1a6ec3afe71ba59dba96dab70f7dc0b5da2e4f45",215
"1aa1828dfdaa852306ff8983e8e5d657b5daecfc",216
"1cacaffd23418c9ec430b1636a51b6fb90f05682",224
"1d4350761de14ba42fd4b3715cf51491d6d0c9b8",225
"1d7fb32f86dd719660c8bcf2e37a0677582e0ea0",227
"1dad97a1cd9c05a4f2be6d4858718f9b5133e206",228
"1fa76287de712ca8fadd929e1d0920c012593193",239
"1fc73f1974949d6db65a33fbd3e8c328dd2b891e",241
"1fdf887c0ec5b48463b13364399f1fb6fe68315a",242
"20f602501dcb4daed614f1273fc471e87fe9f570",246
"2121d02fed97ef400063411122ab85ea5c1ec618",247
"229a814b5c505c97f735e8f3167eb8f0f5ca7aad",253
"23d5620904ca85369637b0c1857b98a20de7504f",257
"23ed28494a51fa0bd4592cce1ba03ecc947c75d1",259
"24b6004290a044a02985f9331eb0ba6da1321502",264
"24d273c1b744d6aec08679ca21fdd8aaf9eb94d2",266
"2532139d61775fab74bcb3d07da851a0110ddd6b",269
"26013d279cf4ec1c03a47809dcd6e572bfa43ed5",272
"2658ee7d1203ebb9932d2f1e5cc1a9c052039084",273
"26ae528aea66ad7a7c4434d0484d497058b0a5c3",274
"2712a66246d8a7aa30d0903f4c917ae3e3ba305d",275
"27332c8480944ad62d79b1ad5607dacdf11f8e58",277
"274dbe0715534e6776cca7410261aa95e5f64762",279
"27be4d627b4d9a47c20b7a1b4c2bd12d37f5d580",281
"28196788fccdbaed54e549b85503c506d92e157b",283
"285fb16525454d04d19bd901b3a619fdf972a847",285
"28cc3ae988a6beca1a0bb19a995158df634086d0",288
"290e2f50643e4b4d10510d094c7476901ecc4f59",289
"296d157a6e9440c8a282c72c2a96313c35354fa1",291
"299c11837af517b02d32f9fbe1ffa7a4d07ded53",294
"2a934c2cddd122b16f0ccf9ca0ed9f7c7567cf34",298
"2b14337d91b62ea8f0320d3c430a06c5b96e3755",301
"2b667a25468efba808fd16b20eb8d8b17fde0fbc",303
"2c8d9501560014a86daf1a0a03a71dd8a4db55a7",308
"2ca1fe1973dd151849fd894b72fd8e4c9e6b97a3",309
"2d116b7d8c4c568009315e7df2f689e147e02ad6",314
"2d26860381688c1d26d8fb5c0a63806caa4c87a7",315
"2e2aa48327491860732b3ac809b0a333f8d4605e",319
"2f10b70f625cb69f74d6b362e2b8eef0701eced4",326
"2f331ad51f76d989782a9cb63dbea94e4f8b844c",327
"303e50b7b843148061b4a1f37247f5d35ce9669c",332
"309bb02b594c5b7671b4d705002381b3a68234ae",335
"30b025f908f165b1c94b09832fd1ca6232130a8a",336
"30ecb1f1da3b85a41369a9b25887d8b07cbb6c01",337
"31c6692718bb085546955d274cbed0a9c7447987",343
"321f2b44cc54f62e78e77711aa671698c9827940",345
"33b22d5716412321044f3b4366e6100edf1b198e",354
"33b7c2fbd8e00341ac946beb17afae01c0cdb143",356
"33ce45e961db43f499944f132d53680e158365da",357
"34dee3f8b111d18cf0f9c2c4aa24b0f352a8a12b",359
"361547691fc6be81ea41d91e9d69f678b6e96911",367
"361d08513ea60b7cdb0e42ba5fbf4800068dc6a2",368
"365a58354dd6e8b08cfc461a6bc1b0c506a03970",369
"38971f4e99cd439588e1437c12164a367af697b4",379
"39ef78722b11c2d9f9c69e6564b383c84300228f",386
"39ff5acb0c2cc37283199e2612fc610ff103aa29",387
"3ab64f7f705d4414c88fbf3a92763f6f976e46ec",392
"3bc66b0703158a0b96dc880adbfc10c7de57cea4",402
"3bd403a00bd18f30427082d1663dd6417f9b6c53",404
"3cad2e9cb2043bd3aa4d49afe723a62b87b763f6",406
"3dda5fcad5f5227b7ddac18744495706138f73bc",412
"3e699f7572e892da4b1bf3aac81cc65bbb0951e8",414
"3ec681c9bbd8fa1f1dcc8bac7fe8d951d52f7f8e",418
"40229e73b2f0b4c09041bfcd114ce450b4f5a05a",421
"40644d3d4964aa81081ea54bb4d0f55d42dda218",422
"4106f8565006c436dd33a57a88122a59667ea2ce",426
"4108dc84e615159b91e360f8a6d98cd5778a158d",427
"432432006c132441636ae39ad1ece089eb418b98",436
"4394fda56b50d1489232c12ee107b649e2fc0b8f",439
"43f2f063cb2edbd604264e0eabe3a364269c3a9d",441
"449fd5fa2821b214383355589d381741c57cc0c7",443
"44c6126744e1fb468de4c9d9dcfc6d09138948d6",445
"44d9f35fc50ef74a651959445175b44ee1606bf8",446
"4562989b2be1a47d23a80a7b088dbf033a7c4c11",447
"46120b2afd831864951dc85de6ecba38b8dbe89a",451
"468699a5c64552538015fc49f70c7875f16ef092",453
"46a26ea67a22763d4eb55f6128f55d3f7594cf38",455
"46cf3ed118b0487ab93ed1a8ed8e34ab5396553f",457
"47178821b2360aa05087a18fd4fa8a01536260d3",459
"472f14689cf6b1d15b188923eb8ed0e5067d3b76",461
"473f409ba26566262d0bd6d8ccdf35d8e4553ec9",462
"48b5092f65693df2506e092c3a716fef4166f308",469
"493ff7e7b720052b3f3c41ad99c75145c59f0187",475
"495172c5e4931d33efc6671e828eeb55ddb81ceb",476
"495a49cbb979196f18349c10b8d6451a533f3cd9",477
"49898b5244782c59241ff5478269d945b83d8ca1",478
"4a4ed7aa92a7b36fa67b76897ed79407fb967f40",481
"4a7f09c6bc868610e2e72d6fef28d1ef34b3bb8e",483
"4ab4fe472b935c78c8a89f4b464362b55b51ab97",484
"4b772c37b5ba290b4c4fe27759f0577057277c01",488
"4b9d14d10a0f21e5093da87a44a465d4077dffb9",493
"4bd2bdfafca48d962eefd7b347aabb59c9f3cfce",497
"4c0503e3752d7fde78c8756c8c3e451cac9382e1",498
"4c2800b29f41e534f2d5aa12548cf5db6de82e65",499
"4ea31a0751a2b2da5fd6fba7367e8e1fafcbb860",510
"4f84983310ab5e78c52c886d87aaa3c6f454a0ec",514
"50a29a8a61456613340bfbd329c6f0529eeeb489",519
"50f645b0e0bfce9253e20467d72f853b702bb033",521
"5167c729ec1dc8446a800b6293043ce5db4a8d8b",525
"52a40c31e2d31f61174989d45b887fd8604ff21a",530
"5306dd9efe1839e6fc783e22358007b036aca265",534
"5383abf84bd67e1dfb10f0020ba14617f8436ee5",535
"548349490691e1bb24a0ee0d5c0b4c0fbd1abe95",540
"5532239080bd5ad273f3d65cd9d5eeec44991b09",542
"579ff9cacb78312041875466761d11f73482a412",548
"57d9eb561f4af8cf48538f66d2c2dccfb93400d6",549
"58425fb404b95541819780e4435628296c088e2e",553
"587becaea4e0144912bebcfa53cd658cb6b709ed",555
"5a7519b74e34ac79f03f479669aa9a9dce355db1",563
"5a7e8467339131e6ae6274288151c734105932a6",565
"5aaf41c06c3b2d3a2488644f11ed18d03ba6aa30",566
"5ad2b522cd7ee303c1d3632bd138a9193537eaf6",569
"5b0b727a8cbf23997acbf2f9e32ff29a57f2d3cf",571
"5b22edf713a4fa861e06b91d4d371e377301b1ca",572
"5b8f8d1ec877b78cc069f758569f335a36bb1b50",575
"5c084ab75457f799a245f66ab04fe00a1a4938c9",578
"5d4b092976cce043692a1155c61a929b236bc522",584
"5d62ca4aa17aaf77474dbecf34d97b7da8bb46ce",585
"60406af31c00e1e9f694d85d67b49f9a1d6ff0ff",594
"6098cb735808f689c837cd59262aedce8b5d38b3",598
"60bd03befc919c5e45cdf601db061ab934660777",599
"628ae0d85fbaaaffd84e19d5b4ca6e42b317785d",605
"630d59ad54708dbbd42a2a5e10fd09db8ebede0e",607
"63a3c4bcf2b178c0eca218edb839129df95030cf",612
"63a4d7aca37e825355f0e8e01ce5dd061ebd0db8",613
"63d8b1809f53f1956be63248ba3f83c6520cad33",615
"656571d8a125f674776c377fbb56c2cf8c1d26fc",618
"6566a655fc60fa9e93493605a47ce50ef88571ce",619
"6576d8577631df7dfc39d1d3a2e24ef47e25733e",620
"65f657296bafadbae9c249072a8adeb8ae550de8",623
"661ce7e6d05424f10424f0c9ad448f60f154372e",624
"66d2c3a50114463c5d0d560f35dd9be44be63562",626
"671422b28fa5da38bdd1506979fcf36ab59c7db5",627
"679bf6dedac5317b78b16ef2060c2a0a9d19613b",629
"681578b1c71ad4beb2b3a41bfca736d912e7c855",632
"6869a3eb95a7a0112c161888c112c45d844550b9",633
"69c62d2b267499a312785ee15d9f8c8016b54b59",643
"69de5a67b74fef81d3ddc18e61d43e5b44c5750b",645
"69e770536ab2ca1956643d9f28b984d90ce69aca",646
"6a9db5e3fc81c93cd1a5007a7c5e27e89a8726bd",649
"6bbd9bd068a62b472db5b00f5584dd3c92732802",658
"6beec96d54649c95462dfba6208c2d8f7bb1c71d",661
"6c1158a204e1d96660f335501335d5169486ab2f",662
"6c2d667e80d19b83f3777c96d2f00afe1b011393",663
"6c5323bf619d803a3f6b4bd3456d1ef2c7d67cf8",664
"6d0489afe9e2cee7f571ed67db66c8cde14fd851",666
"6d6ecce432d3314e995e4e3057ea322a6db2a862",668
"6ebaaa0de2583d3e5a9807d3e9303c3f39faa3e7",672
"71135c71f7d9adfaa01e86e080dbda10e0bc5c09",683
"71140dd01d5964889d360c7a2b5b43df574e40f2",684
"715185eca97e95a51419732e5aafdee7ced2aacc",686
"71be59cd3d72d2ba54156d3ebec5f7dd86cd06cb",687
"71ea7a2c3521beb0996e1bb3bd1001e2bf311495",688
"727134ce01053335945bffa3c0be8f03cb2b425b",691
"72a591069a0e4e007ffc35390d443a5878a2bcd3",692
"72e4da6f5be9bc2290f87d8e3fd038ccf11da371",695
"73c67e201cca0a82775ce377f69ac7d17951bc17",697
"73cd2913776f2591c477a56f56e6ded8ef5fb05f",698
"741c2bcfa0ec488002cc330ef6a63904cb949b6e",701
"74db2d1486b5442b9c19db3bbed49d5077b1a5ad",703
"76c426c363ab73987f656f0dc3b206965eeeee61",711
"77a043db622126bd251156e182853e9e30fc3bdc",714
"77ec813c604e784ad53d5a2952e582cf67e1c627",715
"784258d19c25c49dac477b00b62241b69c5c533a",718
"78d31bf85b29ba493cda33252b311a5f22a90f5c",719
"79310580abcd5bac8cf38df4bdcb4ccde745f6ee",721
"796ef0579c50f1722c5419ccd3b7ac97890a9afc",724
"7a28d503d7837807b14782292b923bbc85bb9151",726
"7af307f5655cf98efbfd688d550d293582244b80",727
"7bdc76ee051cc82ff1a33847a5bfbb9c6383c729",730
"7bf82ac115f0bc67a6af6fe53f18677c47e62d08",731
"7cb431bfe9c5019a4c18fb905a5cab9ecf9da8ff",732
"7d1b5f787fbdd43e10472025f8102cc5d58c7718",734
"7de51ee500c68a9da4fd52a4df1133cba2ab0fca",737
"7e5ad3b82c375dc0f1fab26d1d95e936607a04f4",740
"7f8c5fa7fbc78a9d1c6a33e5a84173f4e7a48547",744
"7f8e9e9285b5e8f93038ed01044e928bcf895e25",745
"7ff95b896e69c63b94586ec5f6443abe023e44b3",748
"806a0476cdd0da8b093c0020db80f1bffe823649",752
"819b9deecee6ff1d62751ec07f799418c5c3d34e",754
"8261b3ab1eb3095b4958ebf87f9d0c0eb39c1758",759
"8323af0cf466af652a5ae38d870aefc5ddf1ccbe",763
"842443526d854a10f71e3bf774f924d9dc36aaff",766
"84c49a74160ddf8e1288cc4f0c97a0584ede291c",769
"856792e700973d7c629ddee2b6c59e88a13fbfe1",771
"86fa00b77e63c6c916b7ffbb11b22828f84dfc28",774
"88b73e73ba2223c6b3c23f72e11d0e4cd59fd1c9",776
"8a935be88ec25cb4486bb081fd295ac0427360b4",778
"8ac506d0dbee74ac95d9e184b3707f67e124fe4d",780
"8add97013db17fcb4994b45891feec593689708d",781
"8ae02411c8907af7b721c57ca9d9d4f5474e19dc",782
"8cb061cbd139dcb5a87e44b016402cf2b03bd407",786
"8cbb27720636a00f1f271dbcf0d7be03b00a45d2",787
"8d8294f62378d883ab05196902d1d07b90324ec0",791
"8e926ef75653be1457d42737cd458c24adb3ef97",795
"8fb00dbf0e0d7de4b31425c684cb3dc6703851ab",797
"8fb54046643a121dff795516c7d75ce3f87a9359",799
"8fc5face062ff216bc1219f9147d3c699320b743",800
"9031f628e49a45d731479e70f67ca59b1007dde6",802
"90eb899b5bfed84645f34554c359d3e5a4eddb3a",804
"913a67262afad49658f1f5ae110d40544bce1f14",805
"915655d3bac3f893d1421081e1f9b057bb6ea8f5",807
"91798b8dabf1f158325c48b45c8cdbb228ae7ad3",809
"91aa7c66e1bd103bb527bb2c1251c5f68df52689",811
"91b64151b606ad83bb5a9abcfc411bd627b71102",812
"921c29e652f197ee4523856074e9392db3efeb2f",814
"928b389a9f0854194fe112f464a94c3cc1f41476",816
"92f1e65c6fbd7f1731b74fc41061f15fbe15ada7",818
"9358624a5e845f37d86272f90713db10c8270fa4",822
"93ca5445ef9b83f87a97f52620364a15215648f0",825
"9448bbc4c9612879c90151602aadf1bdd39c37c8",828
"94bfb67507bc083b9e942d5c1c8369f4f3c7e9fd",829
"95d75b291a28906e167abd1de970c53443d0588a",836
"96a86a912195b5728c94f72bdd0158b20f518f71",841
"978fad1ec061a29475b8d791a72beaebf4eaab1d",846
"998d87b7e936fcd6abaa6e1d92a7787e312bf32c",854
"99c72e6fb92b067d5565b4802a327e0fa98b2751",855
"9af14b5aad352fb0a49c38edfe2a1e554ad17d6b",856
"9b0ebc5d47061e949e30a76797d99cfbf2142221",858
"9b24e603585fd30d1b0f7018b2387764853848dd",859
"9c31591bb0d899dabfe75eed0297d60c03264142",861
"9c31dfa6f7c8e4640de67e176938ae2473778bb8",862
"9d2905a62186f9683fc0d395582eb40e6d8d9ef8",864
"9e49a8675698e8ad8e67a66a3d54c89f1a9040dc",868
"9ed1d246a1d504a6654f3fb03b5cb9a45fd2fbc9",872
"9f2814d1a5f12c8ad70ee55a92c7ef759be7b6f4",874
"9f3a342dc3e855638e76b9de6902c45811a45b94",875
"9ff47bb3354cc4fcf0f978923143b5f65f460047",876
"a02399dd0c40daa7039f8a014022e1129a33a24c",879
"a08d311023035e3f90bb42387c44a6f61159b3bc",881
"a11b96a20ad9e1a5360be48e11d57aec1590c38c",882
"a17359057e9470077839413e10686bd37a200de5",883
"a174d76031737c53e14f1f0630990710c5452562",884
"a31583e3206de6c44d641cc4c4bf2837848369f7",887
"a36c438505bc65a61b1eef56e44abb9e35be8494",890
"a3bf83a9f89f34d1cbd448a354b2b981a40ba350",891
"a3d643b3e846a69e7bc53ecd165e07dae0c7393e",892
"a42e523d461e0edcbeec68fef218846145754596",893
"a51471fd8fe3d4fc8f79035aa39051204b8b6919",895
"a58fc4ceef3cca023ee819de772b2b8f6a81d73e",899
"a62e56cfc64fac3b2a78519253fbacae5ee17421",902
"a65646c524133bc43e4b27e8e15fab8aa80c506a",904
"a6837280a6c2d1f126560d1ec08012829a382101",905
"a6c3d208aea10c2626a43e6e70a5941c18a54812",906
"a92fc23748ab411a3df5d847e72c1b39b96e011c",913
"aab4e19a9e6093d7bbcb5246a5690e5e37328f53",918
"ab693a3089e4c8815e7c0c0ca9273ccd5e124d62",921
"ad626c4e0a9ff5f139b53d45e85335e37b7ac7d9",930
"ad7f291a9e064724d0a394a8fa7fd0d486cdce43",931
"ae70e2aeee2bb4a0d716662e431a543986b0f27c",933
"afb6a754e68c4f32662fcf9355c78bf3292c9ae5",937
"b0a7b618138b08258a46347956ebba150b8545fa",944
"b0ea6b33620994e42469da46809b1afcb4566fd4",945
"b10aa4456b73d59b84096de1654ee0c7385488ad",947
"b29981efa33acb2f764a0ece8ed2f85ae22a7925",955
"b2fb2dc24b01aeaeedbfea99a32b7663d4ee5878",956
"b37f7d9bc0c8bcb4748fea97670f5524f77d1623",960
"b495ae88bd7ac5b904e5ffca104c3620d1831f83",964
"b4d4d0b17bebd929bb575acd4ca05f9f230a2ade",965
"b7d628ff322d0f72e9fa7807abcc908c2a7c506e",975
"b8d34c828fd671a484cf168d70647ca6f3854971",979
"ba3e69948b3ddf94a0dc5e96e07b78dded7f233d",983
"ba791dfc8dca669c03e527fd706ee0125da42517",984
"bb075dfae405e92f0021a0f7cbc2896bfd2f8f6f",985
"bb1793f7912a8d2d125805b91decc73bfbeea560",986
"bbbf78c2b4677f1e5706640375e899b61098f6ee",989
"bc5ac8043efcb1953b812f4bb8611b048705821f",991
"bf88d5ca54d011cefc78a0790f97b45fafeff6be",997
"bff7567f7d6358cc9c05f3c740c4f769d4c86c03",998
"c0d465eb68a0c18b5b98196e08ab5eb830402d2d",1002
"c13c6eaa93776b1bd6d66fc08641faeefceea7a6",1005
"c18d977a4c675216880d24ec5470caf2a7a4f925",1009
"c1b52e859fa79c62da03cda54b69fde1228cb74e",1010
"c30d7c1d7bc7273319030b819d594eca9991fc95",1015
"c34ebe0f55b9acc606940df6578ae08bc7efb2e9",1016
"c38ab58d93aedd28cc31b6dd3111a10d3e90771a",1018
"c3a017a81aebef041b016473a6feff557170abc8",1019
"c45579a754948828cbb2d3bc947d73151c7c3abf",1024
"c4d58d8887b785b891ed9b37f0ea43d76c1398ca",1025
"c51dadc28964ac2c968dd9342c19d37204a83e9c",1028
"c5829ced43715188e1d770caff6c69a7b857423b",1030
"c5c6e1d304afb6af0e6183e8aaa2a705e48b24c8",1031
"c661cb3348a0b8290c424930ea1d604c5c4d0d69",1033
"c6d06a71c193ba146764b4b0e8cf78ebab039842",1038
"c87129aecc5fea9ffe436ce737010f2d9a6dc16a",1046
"c9d6a8a871f295bb3f5b605ce14c7995fac20797",1048
"ca3e3c4f5a44f620029878f221a7467c8c5974a5",1050
"cb81967b67e9d8e270309a1e0464d22844e196d3",1052
"cc2781538eaaddba681cda5e005f80c0925d06fc",1054
"cc319f30fdddb66b9759d811399db5fd2425c8f5",1055
"ccf82e906ff88d465e81e4a02a84859176f3293c",1059
"cd97829047759d65aca47f1da1ff08750290eca8",1061
"ce00cbb497d3ccb366a313765a0e57eeb56dedcf",1062
"ce71ce53fd98e408e6a91533210260d5cbe39f05",1066
"cf0ddfd516943a85ecf0097b5794cf09071e7764",1068
"cf14a9e873ab926b813d08637c2bf5cbbe23c464",1069
"cfc80063afd8df82ff7ebd4df57e3dc35bb0cfd8",1070
"d15c871f7c0c5980056e4fcf90f8f253d7e620b5",1076
"d2014fed5893c9932ee5adbb6338d19ffba9d929",1080
"d22a6b497ae5d3ff4f52d1414171169a32fbec49",1081
"d28565e03340925758c915d26aaa3cb2f8ab09fe",1082
"d2ba8061aa68175a7ab928dad8327743642a7151",1083
"d2d970804d34ed3bd39ee0297e07819f7f6a3d7e",1084
"d3772a0b4b4267db17a3939e60d90e7cce84dbdf",1086
"d43edad3dc397d43cc72f9a8e10f06da1ce8959f",1089
"d47beb8cb5d090d3ae5824302bb361b0c25784c6",1090
"d4880032884b91cdfbcb4a9b50907f6303f3c9ff",1091
"d4caef35ce45ae7606e600cf5de5b68496c2b2e1",1092
"d6066493255f287eb4cc1edf60657d74b7482cf7",1099
"d7ba70166bf38311a0becbf3b7abaf877d2b1ebc",1109
"d7d1ce91f7a7cf47d8656413bbae37564a6c3de5",1110
"d8659775aa003646097dc3391bafdc5c54d23da1",1112
"d86e4f305591eb033e1607e4ec0f3a9217fefc22",1114
"d879f2b031e9779f6aeb31c079227e2bb1d6df43",1116
"d88ad732eb7b9e1f6ab2e218b6bb69ad7e4c4e7e",1117
"d8da9d5dd748453bb6334672312a3b5ab268ccb0",1119
"d9290a730857856a7fe7d7fe49aa58dc09cef827",1120
"d9bd0edf834bcbb586d4b4f87255dc6a9ef9cab3",1123
"dac05d85846d9020d0cda2217c34a477a3379e0b",1124
"db947699d0d5993caa6418514de3a631aa8f392e",1129
"dbd0570929f254d5170516fe4db84852b8d58ed1",1130
"dbd08152e80c3d31f02c830401eb75de20cfc7d5",1131
"dbf502fe989ce252bff207c8c4a074c2308ddda9",1132
"dc20758b6dd8d11c84311219c3f5798372e27307",1133
"dc6d68639a326d1a86e9c2528c9d2cce3897e76f",1134
"dc7dde9624061cb1651fbd490228f0085d4721ba",1135
"ddb9934086bc49fdc817681a462375f5bad4bef6",1141
"deb298a7f25a134f770196842edb7a3a3f13e36d",1146
"dedb10a5e26b0247f2826d68d5018723b6d64db8",1147
"e0014e884e94e2a0e72de8e50d08ef4fd606df5d",1151
"e1dde240b641d90c2e151003ebfa18851039c924",1157
"e3f7354d307f39897fe6c179db88e883880c8ee5",1160
"e4371020bed5f17b127cd7049e5d5532b92f6974",1163
"e5ff6ba9ab91db89afbff53faa7d96cf366435b7",1170
"e79288974a628edc945c362733a9d101949d5263",1176
"e7ad86a0de93f2998cb2715b8dad22a97a764b46",1177
"e8171533a6866623065e7a4f8993a155c71c7b40",1181
"e8b7d2468aa6eb5bec5ff33605a7130fd52249db",1185
"e8e22d7865d85b13b3e25c46e32da35c205e6624",1187
"e8f2272b9e66abc6098e82714cd09f4e8cd4bf06",1188
"e9f9b8051cb5867b5a2c799e6e4262019945c0e4",1191
"ead3b1c56535f47745b0ea1d37465f0c97f88cb1",1195
"eafd6851cb478fed4d85de51fffb3e5993384107",1196
"ec3c3681279f012f607078d6750df3cb0f3a6fa4",1201
"ecdf5d027a3123a260efe82063db47a0559df099",1204
"edae7c7d76de32511f1c15034eca3837e8e4dc87",1208
"ef95711debc36c50434d7c5b215d5ff672ffc780",1216
"efeecf874d2c88fc0aa8446db651a867c56470d1",1218
"f03f7f0f5d5e8526773332de07f06baa0cb70979",1220
"f0b16f78ceefa8c99719ae76ac0865dee60fa959",1221
"f0c4a15f1b5bf295e976f1b3f367bc7ca8822119",1223
"f0cf92b841ad20e0ee2377f68be5de2023544f2e",1224
"f17c7f8756e8d989b6e431c38999a6a61a475515",1226
"f365738c71e50efccb706f840e4361deabb14e30",1231
"f3ba4e2860976bd361ccd1e7580979d23beb7c06",1232
"f451466081a274c4924d11fefa61af8e99398d18",1233
"f47611c0c68b47255003e3705d6753bd79cf188f",1235
"f6f1e1cd296405ff0f6c9614e85f67f77081d983",1245
"f7659639cb043a85e7129c383fb65ddeea02f79f",1248
"f9251b1d7e75cc4a24acc48a435ccafaa34e02ff",1255
"f92a042572594f1f5e7ca709a0a6478dcf8f9f83",1256
"fb5a203978dbf6cb6a9fc7d9f901b71e53ddcf07",1265
"fb639f41062f005ad6215d9d4bd1baedc7862334",1266
"fb8b11ce9467fb329fa4ecbe158dcf38c1eedbbb",1267
"fbb506568c406e9dc91efa9d9ac4cc536b73ca85",1269
"fc1a05658ea0564f33b07ac80812ed442d486fb5",1271
"fc6062fbd852cb1a06569c0c3d49f5e31cf54e50",1275
"fd931128664a906032a8d6dcd99bde453d4e25b2",1279
"fe5dc91d58556e228070afd6bc1dc93d02b3255a",1285
"fe6653478d002a20b59b80329b8eb1e2efed5255",1286
"fee78999ccbe23f6dcbeb17017921d14dadd4418",1288
"ffd305a548903f3e385469f595688a2e0671f6db",1289
"ffe653666b9c65669cb9ac902afae7e4f49fb250",1290
